{
  "NWE2012": [
    21.25,
    19.75,
    18.25
  ],
  "NOR2012": [
    21.625,
    17.17948717948718,
    20.020833333333336
  ],
  "CLE2012": [
    11.066666666666666,
    16.29230769230769,
    12.4375
  ],
  "HOU2012": [
    14.0625,
    19.625,
    15.5
  ],
  "OAK2012": [
    14.933333333333334,
    14.4375,
    13.866666666666667
  ],
  "MIA2012": [
    11.4375,
    16.416666666666668,
    13.461538461538462
  ],
  "PIT2012": [
    17.23076923076923,
    11.302197802197803,
    16.743589743589745
  ],
  "STL2012": [
    14.375,
    14.0625,
    12.254166666666666
  ],
  "CAR2012": [
    20.1875,
    13.5625,
    15.660714285714285
  ],
  "TAM2012": [
    15.5625,
    18.514423076923077,
    21.4375
  ],
  "CIN2012": [
    15.6875,
    12.99047619047619,
    18.401785714285715
  ],
  "SEA2012": [
    17.375,
    18.8125,
    15.108333333333334
  ],
  "ATL2012": [
    19.0625,
    15.3125,
    22.5
  ],
  "BAL2012": [
    14.6875,
    17.875,
    16.241666666666667
  ],
  "NWE2013": [
    15.75,
    15.866071428571429,
    15.520833333333332
  ],
  "SDG2013": [
    17.9375,
    20.6875,
    17.333333333333336
  ],
  "NOR2013": [
    22.375,
    15.175,
    14.204166666666667
  ],
  "MIA2013": [
    14.875,
    11.658333333333333,
    15.75
  ],
  "PIT2013": [
    16.1875,
    14.964102564102564,
    20.3125
  ],
  "KAN2013": [
    16.866666666666667,
    24.283333333333335,
    11.533333333333333
  ],
  "JAX2013": [
    10.733333333333333,
    13.0375,
    11.384615384615385
  ],
  "DAL2013": [
    17.4,
    17.335164835164836,
    18.8125
  ],
  "CAR2013": [
    18.625,
    15.2625,
    12.475
  ],
  "DET2013": [
    17.4375,
    23.464285714285715,
    19.330357142857142
  ],
  "CIN2013": [
    18.0,
    17.6875,
    21.6875
  ],
  "PHI2013": [
    20.0,
    20.8125,
    20.25
  ],
  "SEA2013": [
    16.875,
    16.8125,
    14.4375
  ],
  "DEN2013": [
    25.75,
    20.3125,
    26.25
  ],
  "ARI2013": [
    13.5625,
    16.8,
    18.0
  ],
  "NYJ2013": [
    12.125,
    13.3,
    10.416666666666668
  ],
  "ATL2013": [
    15.5,
    15.516666666666667,
    13.879807692307693
  ],
  "BAL2013": [
    13.0,
    12.125,
    15.544642857142858
  ],
  "CLE2014": [
    11.214285714285714,
    14.348214285714285,
    12.15
  ],
  "HOU2014": [
    15.0,
    23.278846153846153,
    16.754166666666666
  ],
  "BUF2014": [
    14.666666666666666,
    12.535714285714286,
    14.5625
  ],
  "OAK2014": [
    12.0,
    9.9125,
    12.125
  ],
  "MIA2014": [
    17.4375,
    14.979166666666666,
    15.1875
  ],
  "SFO2014": [
    15.6875,
    13.678571428571429,
    14.4375
  ],
  "KAN2014": [
    14.666666666666666,
    20.5625,
    7.166666666666666
  ],
  "DAL2014": [
    17.733333333333334,
    21.5625,
    21.125
  ],
  "CIN2014": [
    14.0625,
    22.653846153846153,
    18.14903846153846
  ],
  "SEA2014": [
    20.625,
    20.3125,
    10.445833333333333
  ],
  "CHI2014": [
    17.066666666666666,
    16.883928571428573,
    20.139423076923077
  ],
  "GNB2014": [
    22.125,
    18.125,
    27.0
  ],
  "NYJ2014": [
    10.785714285714286,
    14.0625,
    11.9
  ],
  "BAL2014": [
    16.375,
    17.533653846153847,
    17.75
  ],
  "MIN2015": [
    12.5,
    18.3125,
    11.211538461538462
  ],
  "OAK2015": [
    16.9375,
    13.516666666666666,
    17.9375
  ],
  "WAS2015": [
    18.3125,
    12.745192307692307,
    11.8125
  ],
  "CAR2015": [
    24.3125,
    15.370192307692308,
    9.901785714285715
  ],
  "DET2015": [
    18.125,
    11.9375,
    18.25
  ],
  "NYG2015": [
    17.9375,
    14.75,
    22.866666666666667
  ],
  "CIN2015": [
    18.76923076923077,
    17.9375,
    18.5625
  ],
  "PHI2015": [
    13.928571428571429,
    17.41025641025641,
    12.391666666666666
  ],
  "GNB2015": [
    18.8125,
    15.754166666666666,
    16.9375
  ],
  "ATL2015": [
    14.625,
    19.616666666666667,
    18.5
  ],
  "NWE2016": [
    21.583333333333332,
    20.5,
    14.316666666666666
  ],
  "SDG2016": [
    16.1875,
    18.0,
    15.8125
  ],
  "MIN2016": [
    14.733333333333333,
    7.8,
    16.259615384615387
  ],
  "NOR2016": [
    20.75,
    18.8125,
    21.433333333333334
  ],
  "HOU2016": [
    11.2,
    15.0,
    13.223214285714285
  ],
  "BUF2016": [
    18.066666666666666,
    24.333333333333336,
    9.297435897435896
  ],
  "OAK2016": [
    17.866666666666667,
    17.9375,
    18.6875
  ],
  "MIA2016": [
    14.615384615384615,
    17.2,
    16.5
  ],
  "SFO2016": [
    16.666666666666668,
    17.692307692307693,
    8.9375
  ],
  "WAS2016": [
    18.75,
    14.254166666666666,
    16.520833333333336
  ],
  "KAN2016": [
    14.933333333333334,
    15.9,
    15.25
  ],
  "DAL2016": [
    17.9375,
    22.176190476190477,
    17.125
  ],
  "CAR2016": [
    16.933333333333334,
    13.552884615384615,
    12.575
  ],
  "NYG2016": [
    14.0,
    12.351648351648352,
    19.6875
  ],
  "TEN2016": [
    17.333333333333332,
    21.2625,
    13.1875
  ],
  "PHI2016": [
    13.3125,
    13.769230769230768,
    10.466666666666667
  ],
  "NYJ2016": [
    9.5,
    19.6875,
    13.404166666666667
  ],
  "ATL2016": [
    21.6875,
    26.682692307692307,
    20.71978021978022
  ],
  "BAL2016": [
    15.125,
    14.5625,
    16.330357142857142
  ],
  "MIN2017": [
    15.866666666666667,
    16.875,
    18.88392857142857
  ],
  "IND2017": [
    12.875,
    14.919642857142858,
    11.6875
  ],
  "OAK2017": [
    13.733333333333333,
    13.2875,
    16.0
  ],
  "PIT2017": [
    17.4,
    18.133333333333333,
    24.92857142857143
  ],
  "KAN2017": [
    19.666666666666668,
    18.66346153846154,
    17.025641025641026
  ],
  "JAX2017": [
    15.625,
    19.494505494505496,
    12.258928571428571
  ],
  "DET2017": [
    17.125,
    13.383928571428571,
    18.5625
  ],
  "TEN2017": [
    14.0,
    16.616666666666667,
    11.232142857142858
  ],
  "CIN2017": [
    13.1875,
    14.741071428571429,
    14.0625
  ],
  "PHI2017": [
    21.692307692307693,
    11.375,
    16.9375
  ],
  "CHI2017": [
    11.25,
    17.125,
    7.120833333333334
  ],
  "LAC2017": [
    16.875,
    19.375,
    17.375
  ],
  "NYJ2017": [
    15.76923076923077,
    15.05,
    15.5
  ],
  "ATL2017": [
    14.25,
    21.114285714285714,
    17.383333333333333
  ],
  "BAL2017": [
    11.5625,
    17.366666666666667,
    11.766666666666666
  ],
  "NWE2018": [
    17.5,
    22.028846153846153,
    16.15
  ],
  "NOR2018": [
    20.266666666666666,
    28.366666666666667,
    16.804166666666667
  ],
  "CLE2018": [
    17.142857142857142,
    16.25,
    14.0625
  ],
  "OAK2018": [
    13.5,
    11.9375,
    10.4
  ],
  "IND2018": [
    20.4375,
    19.541666666666664,
    15.642857142857142
  ],
  "BUF2018": [
    17.333333333333332,
    11.642857142857142,
    12.350961538461538
  ],
  "PIT2018": [
    21.3125,
    21.879120879120876,
    26.291666666666664
  ],
  "DAL2018": [
    17.875,
    18.3625,
    9.375
  ],
  "CAR2018": [
    20.214285714285715,
    18.3125,
    13.913461538461538
  ],
  "LAR2018": [
    19.75,
    25.19047619047619,
    21.4375
  ],
  "NYG2018": [
    15.0,
    20.504166666666666,
    20.0625
  ],
  "TEN2018": [
    12.5,
    18.0,
    11.360576923076923
  ],
  "SEA2018": [
    18.625,
    19.795238095238094,
    17.389423076923077
  ],
  "CHI2018": [
    18.785714285714285,
    20.1875,
    13.338461538461537
  ],
  "LAC2018": [
    17.8125,
    28.11904761904762,
    18.75
  ],
  "ARI2018": [
    8.071428571428571,
    15.0,
    14.0625
  ],
  "DEN2018": [
    13.4375,
    18.747619047619047,
    16.458333333333336
  ],
  "GNB2018": [
    19.5625,
    17.520833333333336,
    19.1625
  ],
  "ATL2018": [
    22.125,
    15.196428571428571,
    22.25
  ],
  "NWE2019": [
    16.5,
    17.34583333333333,
    14.892857142857142
  ],
  "OAK2019": [
    15.25,
    18.60576923076923,
    13.752747252747252
  ],
  "BUF2019": [
    18.0625,
    15.041666666666666,
    17.733333333333334
  ],
  "SFO2019": [
    15.4375,
    17.580357142857142,
    13.05
  ],